Hoja,Area,Perimetro,FF,Borde,Amarillo,Negro,Rojo,Energia,contraste,disimilitud,correlacion,homogeneidad,class
1,2476486.5,7066.212995,1.604451538,0,0,0,0,0.3422,51.9402,1.2775,0.9639,0.7046,0
2,2693923.5,7183.187738,1.52418715,9,0.0015,0,0,0.3427,59.9459,1.2933,0.9687,0.7037,0
3,2138857.5,6396.482988,1.522263267,0,0,0,0,0.3284,41.7062,1.246,0.9501,0.6973,0
4,1813831.5,6083.110404,1.623467421,0,0,0,0,0.3457,45.0646,1.2807,0.9397,0.7079,0
5,1905694.5,6324.424109,1.670235888,0,0,0,0,0.3562,42.3182,1.133,0.9642,0.7262,0
6,1904058,6395.152032,1.709270093,0,0,0,0,0.3956,34.702,1.0767,0.9588,0.7337,0
7,2221752,6580.063717,1.550792667,0,0,0,0,0.3355,43.8254,1.2092,0.9608,0.7031,0
8,1467701.5,5753.973321,1.795093483,0,0,0,0,0.4054,47.9044,1.2738,0.9342,0.7314,0
9,1932498.5,6472.801748,1.725260049,0,0,0,0,0.3767,35.4069,1.099,0.9543,0.7269,0
10,2361573,7155.038465,1.725089736,0,0,0,0,0.3792,33.8366,1.0465,0.946,0.7357,0
11,1639337,5397.9519,1.414421665,0,0,0,0,0.2961,57.2415,1.3801,0.9425,0.6957,0
12,2568085.5,6931.810982,1.488925834,0,0,0,0,0.3299,36.9716,1.221,0.9489,0.6926,0
13,1659230,6138.108317,1.80697284,0,0,0,0,0.3891,38.7132,1.1719,0.9562,0.7249,0
14,1622227,5699.078877,1.593260651,0,0,0,0,0.355,44.7662,1.1899,0.9409,0.7296,0
15,1984242,6255.793737,1.569492787,0,0,0,0,0.3779,44.969,1.1732,0.9546,0.7284,0
16,2072724.5,6705.404775,1.726225542,0,0,0,0,0.3524,37.8155,1.1148,0.954,0.7221,0
17,2457495,6926.882045,1.553717517,0,0,0,0,0.3442,29.3531,1.0395,0.9436,0.7248,0
18,1989610.5,6383.086019,1.629605382,0,0,0,0,0.3355,38.3944,1.1893,0.9518,0.704,0
19,1598162.5,5741.723536,1.641544798,0,0,0,0,0.3612,36.4111,1.117,0.9391,0.7296,0
20,2556608,7258.102388,1.639725527,0,0,0,0,0.3341,38.5413,1.1031,0.9281,0.7267,0
21,2631186,7186.254626,1.561862412,0,0,0,0,0.3131,47.3604,1.3026,0.9488,0.6898,0
22,2782551.5,7518.511549,1.616626344,0,0,0,0,0.3274,47.029,1.2924,0.957,0.686,0
23,2730153.5,6943.772313,1.405377508,0,0,0,0,0.2803,33.6485,1.1914,0.9417,0.6823,0
24,1464293.5,5445.106231,1.611289956,0,0,0,0,0.3468,32.9438,1.1038,0.9361,0.7259,0
25,2450456,7129.014076,1.650445379,0,0,0,0,0.3564,38.9619,1.178,0.9626,0.7051,0
26,1639042.5,5660.066682,1.555399664,0,0,0,0,0.3514,33.2238,1.0731,0.9427,0.7331,0
27,1755207.5,6062.458608,1.66631931,0,0,0,0,0.3713,33.9119,1.0935,0.9447,0.7293,0
28,2229945.5,6901.796693,1.699883646,0,0,0,0,0.3443,33.8458,1.1617,0.9543,0.7008,0
29,2436598,7502.979585,1.83853866,0,0,0,0,0.3795,37.8747,1.0991,0.9537,0.7275,0
30,1404643,5444.118428,1.679106679,0,0,0,0,0.3485,44.4721,1.237,0.9411,0.7207,0
31,1438779.5,5302.160051,1.554893133,0,0,0,0,0.3571,45.6436,1.2278,0.9396,0.7232,0
32,2864033.5,7622.261765,1.614279552,0,0,0,0,0.3256,43.4361,1.2387,0.9597,0.6899,0
33,3002068.5,7757.849648,1.595332599,0,0,0,0,0.3495,30.6543,1.1035,0.961,0.7069,0
34,1652496,6252.632263,1.882671195,0,0,0,0,0.4187,40.9579,1.1399,0.9494,0.7405,0
35,2326644,7261.377432,1.803421345,0,0,0,0,0.351,35.525,1.1458,0.9569,0.7094,0
36,1942581.5,6249.11041,1.599728447,0,0,0,0,0.3532,44.1784,1.1965,0.9567,0.7158,0
37,2530328.5,7492.310535,1.76540256,0,0,0,0,0.3934,28.3227,0.9708,0.952,0.7465,0
38,2146012.5,6431.183569,1.533693883,0,0,0,0,0.3531,32.8377,1.1123,0.9463,0.7162,0
39,1239465,5263.716401,1.778852003,0,0,0,0,0.3867,43.3551,1.1503,0.9472,0.7449,0
40,1717038,5807.304277,1.562997838,0,0,0,0,0.3537,43.1142,1.1752,0.9516,0.7225,0
41,1288875,5224.839202,1.685482234,0,0,0,0,0.3611,49.9279,1.2954,0.9463,0.7149,0
42,2303658.5,6874.639399,1.632566449,0,0,0,0,0.3423,36.2055,1.1758,0.9442,0.709,0
43,2220765.5,6841.374473,1.677154779,0,0,0,0,0.3653,33.3103,1.0977,0.9467,0.7231,0
44,2061894,6554.808893,1.658222692,0,0,0,0,0.3663,32.4715,1.0956,0.9389,0.726,0
45,2386766,6878.268906,1.577384536,0,0,0,0,0.3746,30.2476,1.0365,0.9446,0.7325,0
46,2249647,6605.509468,1.543431581,0,0,0,0,0.3623,37.2111,1.108,0.935,0.7306,0
47,1497511.5,5523.865677,1.621456018,5287.5,0.1977,0,0,0.3677,57.1529,1.2029,0.9645,0.7378,0
48,1767440.5,6196.174334,1.728588323,0,0,0,0,0.3414,35.9637,1.1699,0.9459,0.7095,0
49,2013496.5,6272.281979,1.554853194,0,0,0,0,0.3523,41.4863,1.1568,0.9459,0.7245,0
50,2194852,6737.190705,1.645665487,0,0,0,0,0.3708,39.1151,1.2024,0.9513,0.7097,0
51,1137228.5,4645.636105,1.510190598,0,0,0,0,0.3405,49.4349,1.2831,0.9449,0.7179,0
52,1560782.5,5789.973326,1.709227452,1047,0.0446,0,0,0.3592,63.5588,1.2917,0.9612,0.724,0
53,1714781.5,5856.267691,1.591556906,0,0,0,0,0.3636,35.1004,1.1131,0.942,0.7317,0
54,2322326,7187.686083,1.770288869,0,0,0,0,0.3622,30.1772,1.0937,0.9459,0.7163,0
55,1581947.5,5600.610847,1.577857753,0,0,0,0,0.3549,43.4191,1.192,0.9484,0.723,0
56,1955384.5,6255.865674,1.592691939,0,0,0,0,0.3108,39.7776,1.1784,0.9385,0.7109,0
57,1727093.5,6086.292074,1.706785129,4356.5,0.1511,0,0,0.3434,57.6213,1.2319,0.962,0.7227,0
58,2152875.5,6530.708385,1.576488432,0,0,0,0,0.3393,33.5041,1.1614,0.9485,0.7058,0
59,1233271,5305.501113,1.816282594,0,0,0,0,0.3397,40.1041,1.1829,0.9271,0.7265,0
60,1784386,5717.730684,1.457967033,0,0,0,0,0.346,45.6219,1.1969,0.9565,0.7199,0
61,160545.5,1958.309867,1.900876089,5959,21.8286,0,0,0.3917,207.6555,2.754,0.9604,0.6425,10
62,610617,3453.139505,1.553990921,39406,52.7055,0,0,0.3178,125.0398,2.2394,0.9686,0.5946,10
63,706791,3783.448163,1.61166096,13771.5,42.1229,0.0742,0.0022,0.3579,85.6721,1.9483,0.9831,0.632,10
64,894173,4191.178171,1.563290956,13175.5,43.87,0,0.0001,0.3477,96.0965,1.8569,0.9816,0.6436,10
65,751456.5,3972.023844,1.670740379,10756.5,42.1089,0.227,0.0589,0.3848,91.3113,1.8632,0.9822,0.6509,10
66,273361,2675.4196,2.083705675,35501.5,30.7007,0,0,0.4297,128.6231,2.0578,0.9613,0.688,10
67,507254.5,3444.730349,1.861545581,23974,44.7644,0,0,0.3796,121.0892,1.7866,0.9739,0.69,10
68,446584.5,3285.367864,1.923328577,33387.5,48.1835,0.0005,0,0.3503,138.6234,2.3698,0.9715,0.6331,10
69,534124,3343.683662,1.665702332,19910.5,39.2508,0,0.0001,0.3843,113.825,1.9601,0.9762,0.6541,10
70,509463.5,3605.558774,2.030585143,9149,30.7776,0.118,0.0112,0.3797,124.7905,2.4643,0.9765,0.6264,10
71,312612,2584.65005,1.700540484,23556.5,42.4899,0,0,0.3626,132.95,2.1469,0.969,0.6492,10
72,424844,3000.840954,1.686730072,13838.5,38.5597,0.0029,0,0.3461,123.7138,2.0424,0.9711,0.6617,10
73,358825.5,2751.152578,1.678553452,2139.5,29.5154,0,0.0015,0.3203,140.7919,2.2309,0.9712,0.6412,10
74,404521,2831.644997,1.57734124,28797.5,48.523,0,0,0.323,136.1898,2.1448,0.9662,0.6349,10
75,418719.5,3404.74045,2.203098701,17512.5,39.0329,0,0,0.4042,112.5236,2.0058,0.9773,0.6544,10
76,511978,3170.227819,1.562135731,24333.5,53.4848,0,0,0.3854,120.456,1.7644,0.9774,0.701,10
77,390952,3221.159716,2.111981937,1424,10.4796,0.7726,0.1122,0.3237,98.9709,2.2096,0.9821,0.6496,10
78,632190,3817.791307,1.83470341,35071,45.4756,0.0213,0.0027,0.3536,114.1008,2.5262,0.9735,0.584,10
79,788129.5,4351.680699,1.912077894,16335.5,44.4023,0.9842,0.0336,0.3248,106.0076,2.4001,0.9774,0.5888,10
80,625271,3464.595351,1.527657056,19568.5,44.4026,0,0,0.351,115.6934,1.9948,0.9756,0.6407,10
81,561465,3192.855238,1.444857073,10367,35.4436,0.0368,0,0.294,133.5291,2.7974,0.9707,0.5448,10
82,540950,3256.629839,1.560158749,24547.5,46.8596,0,0,0.3396,112.2952,2.1711,0.9737,0.6119,10
83,506685,3974.051196,2.480378671,25488.5,45.9453,0.0404,0,0.3263,137.2854,2.6997,0.9706,0.6023,10
84,727459,3766.300974,1.551710305,33992,43.8296,0.0875,0,0.2776,128.6472,2.3416,0.9617,0.6044,10
85,701452.5,3624.176084,1.490079478,19868,52.4587,0.039,0,0.318,124.0503,1.8923,0.9743,0.6599,10
86,662807.5,3700.980124,1.644505051,9699,36.2056,0,0.0197,0.3264,112.4849,2.0365,0.9758,0.6249,10
87,432140.5,3068.622697,1.734008158,14897.5,40.7658,0,0,0.3758,140.5518,2.1271,0.9687,0.6497,10
88,550527,3517.978036,1.788943994,11815.5,41.3396,0,0,0.3631,116.6361,1.9799,0.978,0.6411,10
89,344815,2778.365777,1.781483531,3789,29.2695,0.0183,0,0.3578,141.4684,2.115,0.9731,0.6708,10
90,531606,3219.14961,1.551249192,12580,57.3856,0,0.0024,0.3285,123.3838,1.8527,0.9759,0.6692,10
91,614792,3467.909056,1.556669128,41021.5,47.8298,0,0,0.3582,125.4185,1.9122,0.9695,0.6589,10
92,485704.5,3570.092823,2.088218838,14976.5,39.4756,0.0072,0,0.4112,123.8121,2.2647,0.974,0.6599,10
93,551010.5,3536.990233,1.806745438,7186.5,37.6783,0,0,0.3613,111.4974,2.1993,0.9767,0.6108,10
94,958523.5,4320.391376,1.549646132,6994,26.1301,0.6477,0.0132,0.3002,103.9368,2.6673,0.9796,0.5524,10
95,337401,2731.041962,1.759136344,18880,49.6281,0.0066,0.0002,0.3695,161.2002,2.2597,0.9667,0.6682,10
96,398499,2903.125228,1.683036072,9390,38.7785,0,0.0251,0.3782,138.2047,2.018,0.9744,0.6784,10
97,421571,2971.551632,1.666805612,22669,51.2141,0,0,0.3553,129.2154,2.073,0.9728,0.6427,10
98,489734,3100.286696,1.561825746,13777.5,41.9522,0,0.0008,0.3536,134.137,2.2597,0.9715,0.6222,10
99,289365,2482.022632,1.694160668,13461.5,42.9653,0,0.0001,0.384,176.2711,2.4546,0.9661,0.6757,10
100,507021,3261.943549,1.669998399,20752,47.4729,0.013,0.0005,0.3487,114.7162,2.2038,0.9732,0.6145,10
101,539600,3711.423779,2.031413205,35184.5,48.1866,0.006,0,0.3745,123.7626,2.0251,0.9729,0.6595,10
102,380301,2650.674435,1.470193275,8775,42.3185,0.0242,0.0001,0.3197,149.5095,2.6614,0.9682,0.5808,10
103,412351,3047.360726,1.792131199,7310,41.4368,0.0336,0.003,0.2968,141.0349,2.2489,0.9713,0.6626,10
104,202631.5,2012.417514,1.590443837,6639.5,20.9784,0,0,0.369,198.1991,2.5637,0.9636,0.6641,10
105,249319,2110.493633,1.421679944,8788,57.8282,0,0,0.2352,171.4609,2.4437,0.9572,0.6305,10
106,729435,3887.011654,1.648292217,22866.5,46.3774,0,0,0.3738,105.4903,1.982,0.9777,0.6268,10
107,251195,2492.650046,1.968342866,6142.5,29.0662,0,0.0043,0.4377,157.3709,2.5656,0.9674,0.6418,10
108,363463.5,2905.000335,1.847654184,29687,39.9098,0.0183,0.0003,0.3969,112.4213,1.9278,0.972,0.6679,10
109,304179,2554.341392,1.70693811,11243,33.377,0.0306,0.0089,0.3235,175.6216,2.7755,0.9642,0.608,10
110,349002.5,2885.721117,1.898756605,15436.5,38.2691,0,0,0.3862,144.3055,2.4698,0.9702,0.6066,10
111,371739,2700.09579,1.56066373,17932.5,38.6381,0,0.0006,0.3718,141.2489,2.4379,0.9691,0.6142,10
112,202894,2068.150488,1.67758367,17585,40.3615,0,0,0.3635,152.3982,2.454,0.9644,0.636,10
113,388474,3045.894783,1.900452227,25334,37.7129,0,0,0.4257,128.3899,1.9152,0.97,0.702,10
114,149939,1810.018455,1.738763505,2682,17.9577,0,0,0.3099,202.8241,3.1086,0.9544,0.5924,10
115,437212,3117.257257,1.768651784,31805.5,43.7288,0,0,0.3973,136.0571,2.2953,0.9672,0.6443,10
116,455421.5,2976.563826,1.548124879,32561.5,49.8659,0,0,0.3414,128.8587,2.2413,0.9694,0.6094,10
117,440269,3015.978039,1.64409672,16592.5,42.4254,0.019,0,0.3546,121.6466,2.0584,0.972,0.6603,10
118,247351,2176.601277,1.524169298,17646.5,56.2055,0,0,0.3075,179.2224,2.4138,0.9596,0.6406,10
119,254326.5,2376.667292,1.767397696,24449.5,45.3095,0,0,0.4101,147.7536,2.2184,0.9678,0.6719,10
120,243143.5,2022.653014,1.338965011,6749.5,30.9796,0.24,0.0009,0.2583,176.2616,2.9517,0.9599,0.5748,10
121,718505,3620.404444,1.451688727,0,0,0,0,0.3054,56.3885,1.4969,0.9337,0.687,20
122,1147937,4898.506158,1.663406456,0,0,0.004,0,0.3538,50.5125,1.4943,0.9484,0.6777,20
123,931417.5,4655.150816,1.851451067,279,0.022,0,0,0.3898,72.9647,1.7408,0.9248,0.6965,20
124,1210166,5094.638189,1.706753754,5510,0.276,0.1402,0,0.3086,71.9796,1.7957,0.9441,0.6482,20
125,2001046,6167.196623,1.512542679,1155.5,0.0639,0,0,0.2996,65.9805,1.6109,0.9594,0.6499,20
126,722511.5,3755.985181,1.553789194,1662,0.1415,0.0214,0,0.3302,68.4613,1.6434,0.951,0.678,20
127,1222196.5,4972.66554,1.610002625,8.5,0.0007,0,0,0.3763,51.9708,1.4604,0.9512,0.6923,20
128,1459465.5,5050.013742,1.390530141,0,0,0,0,0.2407,50.159,1.6535,0.9407,0.6157,20
129,1346426.5,4956.440146,1.451931748,14063,0.8728,0,0,0.2689,69.6246,1.7575,0.9515,0.6242,20
130,1067155.5,4398.88676,1.442935697,0,0,0.0012,0,0.2589,55.9754,1.7037,0.9362,0.628,20
131,1668023.5,5486.023847,1.435827733,0,0,0,0,0.2042,74.0857,2.0336,0.9432,0.5773,20
132,1252727.5,4701.587334,1.404175931,0,0,1.9631,0,0.2582,56.6183,1.7995,0.9503,0.6141,20
133,2561143.5,6680.71849,1.386760784,144,0.0692,0.0668,0.0743,0.2552,54.9303,1.6407,0.961,0.6143,20
134,1459301.5,5245.636098,1.500515238,232,0.0836,2.4679,0.011,0.3006,55.2352,1.6487,0.9503,0.654,20
135,1366979.5,5006.523405,1.459148928,0,0,0,0,0.2941,54.4971,1.5358,0.945,0.6571,20
136,2649722.5,6992.909393,1.4686034,14,0.0006,0,0,0.2644,60.4207,1.566,0.9648,0.6386,20
137,1430513,5726.191571,1.824017741,0,0,0,0,0.269,65.534,1.8006,0.9178,0.6385,20
138,2142797,6208.039336,1.43125498,62,0.0041,0,0,0.3166,61.4212,1.4027,0.9668,0.682,20
139,1723710.5,6106.742868,1.721646805,23,0.0034,0.0868,0.0002,0.2443,75.3777,2.0471,0.9361,0.6075,20
140,3598425.5,8535.413131,1.611111873,0,0,0,0,0.2835,67.2797,1.9568,0.9734,0.5911,20
141,1824534,5988.049448,1.563896169,1,0.0004,0.0089,0,0.3166,57.7156,1.4894,0.957,0.6702,20
142,1549660.5,5691.91027,1.6636756,12.5,0.0007,0,0,0.3602,56.8575,1.4545,0.9548,0.6908,20
143,1784242.5,6068.541858,1.642494577,260,0.0135,0.3521,0,0.3359,77.0729,1.8266,0.9545,0.6565,20
144,1176415.5,4622.641161,1.445468881,895.5,0.0426,0,0,0.3101,54.8108,1.4304,0.9519,0.6843,20
145,4107547,10196.3748,2.01417945,0,0,0,0,0.3622,98.6614,2.1656,0.9635,0.6207,20
146,2909039.5,7224.428289,1.427731269,1891,0.0481,0,0,0.2788,79.7021,1.8521,0.9663,0.6101,20
147,2630564.5,6917.006936,1.447360072,8637.5,0.6287,0.0063,0.0037,0.3072,76.6799,1.8125,0.9714,0.613,20
148,1476084.5,5469.248368,1.612624273,74.5,0.0038,0.0642,0,0.3373,52.9633,1.3813,0.9561,0.6918,20
149,3357210,7738.220138,1.419360691,81,0.0015,0,0,0.2731,85.0835,2.0797,0.9684,0.578,20
150,1644365,5440.814816,1.432579675,977.5,0.0346,0.0361,0,0.285,64.0114,1.7121,0.9587,0.6218,20
151,1349105,5344.152915,1.684616776,0,0.0013,0.4248,0,0.3432,41.7489,1.2754,0.9585,0.7055,20
152,3130504,7138.293291,1.29527992,44,0.0011,0,0,0.2717,68.6732,1.6651,0.9694,0.624,20
153,1579311.5,5806.277798,1.698701005,0,0.0002,3.4026,0.1878,0.2905,57.9088,1.6321,0.9498,0.6455,20
154,2872295,8403.337017,1.956426969,0,0,0,0,0.4084,54.5627,1.5077,0.9736,0.6787,20
155,2210384.5,6536.296257,1.538100632,185.5,0.0334,0,0,0.3107,69.4429,1.695,0.9699,0.6386,20
156,742750,3590.345568,1.381080401,203,0.0188,0.0145,0,0.2386,57.4184,1.717,0.9293,0.6386,20
157,1715052,6248.784501,1.811769412,1164.5,0.0581,0.4493,0,0.4356,61.3552,1.4581,0.9644,0.711,20
158,1953726,7157.783623,2.086808494,0,0,0.0234,0,0.3315,66.8213,1.829,0.9484,0.6338,20
159,839067,4105.628963,1.598644421,0,0,0.0189,0,0.3698,45.5661,1.3045,0.9413,0.7248,20
160,1080225.5,4776.689927,1.680849372,0,0,0.0111,0,0.3249,55.6015,1.5114,0.9273,0.6902,20
161,1168729,4684.384233,1.494102254,0,0,0,0,0.2452,49.0205,1.4517,0.9348,0.6578,20
162,817661.5,3799.656312,1.405090191,0,0,0,0,0.3061,50.6488,1.4976,0.9277,0.6837,20
163,2133434,6405.696193,1.530532595,6,0.0016,0,0,0.3247,50.6498,1.3413,0.969,0.6824,20
164,1213528,4771.878744,1.49320047,0,0,0,0,0.3072,48.6038,1.4899,0.9434,0.6674,20
165,974862,4428.39434,1.600805444,0,0,0,0,0.248,55.1476,1.6514,0.9384,0.6287,20
166,923770.5,4817.567128,1.999312038,18,0.0014,0.4739,0,0.3537,54.5085,1.4846,0.9413,0.7017,20
167,1018567,4193.639069,1.373983819,0,0.0012,0,0,0.2507,59.9042,1.7717,0.9302,0.6218,20
168,1344015,5399.358984,1.726113745,0,0,0,0,0.3366,45.8247,1.3785,0.9513,0.6831,20
169,714484.5,3556.127316,1.408480734,2278.5,0.1767,0.3306,0,0.2729,60.4975,1.6913,0.944,0.651,20
170,720133,3545.306026,1.388941215,36.5,0.0038,0.1359,0,0.2824,49.625,1.4603,0.9177,0.6931,20
171,1573844,5461.54988,1.508201077,3,0.0009,0,0,0.3191,50.9692,1.3773,0.9532,0.6833,20
172,688154.5,3563.936407,1.468801334,0,0,0,0,0.2553,59.6058,1.6994,0.9362,0.6348,20
173,1257467,5088.873691,1.638837402,62.5,0.0088,0.0033,0,0.2542,72.5209,1.7013,0.9344,0.6586,20
174,727169,3598.855237,1.41736766,48,0.0055,0.4686,0,0.3082,68.5079,1.7552,0.9174,0.6716,20
175,1224791,4856.128531,1.532171854,0,0,0,0,0.3012,60.7647,1.5055,0.9345,0.6879,20
176,1367770.5,5196.444319,1.571044346,290,0.0175,0,0,0.3585,60.5173,1.5072,0.9571,0.6848,20
177,1548537.5,5267.022967,1.42560043,416.5,0.0203,0.0909,0,0.2718,62.6095,1.7998,0.928,0.6255,20
178,837293,3800.796359,1.372969415,0,0,0,0,0.283,57.1065,1.5177,0.9375,0.6817,20
179,912434.5,4079.004514,1.451094828,0,0.0002,0,0,0.3024,64.5547,1.5576,0.9343,0.6868,20
180,1216381.5,4480.013737,1.313040148,4648.5,0.4603,0.2951,0,0.267,48.6816,1.5794,0.942,0.6455,20
181,1211299.5,5004.07679,1.645074284,56604,11.7474,0,0,0.3532,98.6899,2.0968,0.9607,0.6021,30
182,1169721.5,4731.234087,1.522844363,50321,2.8747,0,0,0.3161,97.5562,1.8544,0.9458,0.6396,30
183,1053639.5,4697.66049,1.666711106,56143,7.9398,0.0038,0.0219,0.3606,104.299,1.9195,0.9516,0.6517,30
184,1001036.5,4271.043178,1.450130647,5938,0.3846,0,0,0.33,87.659,1.8205,0.9196,0.6626,30
185,842375.5,3684.911143,1.282736442,25317,2.2504,0,0,0.2819,105.0246,2.1822,0.9257,0.6055,30
186,1619063,5303.172246,1.382282592,46485,2.9478,0,0,0.3131,89.6798,1.8086,0.9451,0.6362,30
187,1103856.5,4422.155882,1.409758092,62511.5,11.7303,0,0,0.3229,106.0616,2.0653,0.9556,0.5996,30
188,1119771.5,4678.40566,1.55544788,14029.5,0.8526,0.0002,0,0.3684,95.5146,1.8659,0.9203,0.6784,30
189,1061110,4561.344696,1.560322957,62112.5,5.7774,0,0,0.3118,110.6669,1.9807,0.9456,0.6371,30
190,1090947,4310.079759,1.355052376,23145,1.6836,0,0,0.2981,104.9896,2.0082,0.9186,0.6438,30
191,959197,4376.408619,1.588974904,11627,0.7424,0,0,0.3441,86.3943,1.7189,0.9379,0.6775,30
192,1789554.5,6077.654567,1.642540991,46617,1.6646,0,0,0.3698,79.0125,1.6754,0.9607,0.6493,30
193,1524491,5372.128522,1.506458055,4287,0.1925,0.0984,0.0002,0.2761,89.5789,1.8382,0.921,0.6508,30
194,1503315.5,5094.45443,1.37383428,9635.5,0.4652,0,0,0.2905,83.0426,1.7335,0.9138,0.6623,30
195,1326234.5,5131.424993,1.579955189,15023,0.6968,0,0,0.3585,90.1638,1.699,0.9383,0.6855,30
196,1132412.5,4604.499022,1.489872952,22029,1.1364,0,0,0.3316,90.4376,1.7282,0.9427,0.672,30
197,1206563.5,4558.464532,1.370490714,4515,0.2399,0,0,0.3189,88.8844,1.6988,0.9252,0.6838,30
198,1067346,4700.197509,1.647085369,2922.5,0.1904,0.0036,0,0.3292,78.8444,1.7266,0.9194,0.6725,30
199,1084612,4828.942673,1.710877105,22015,1.1458,0,0,0.3427,90.8802,1.799,0.9397,0.6614,30
200,517102.5,3343.357759,1.720196998,24224,2.9892,0,0,0.3741,112.8227,2.1808,0.9316,0.6376,30
201,838150.5,4219.871603,1.690696237,2010,0.1603,0,0,0.4009,73.2165,1.5366,0.9073,0.7312,30
202,1223157,4779.844257,1.486395588,10162.5,0.5078,0,0,0.3553,94.486,1.7774,0.9217,0.6801,30
203,1432476.5,5280.679829,1.549106542,8105.5,0.335,0,0,0.3274,67.8476,1.5034,0.9391,0.6862,30
204,1610851,5341.882925,1.409686305,5034,0.2093,0,0,0.3221,86.1207,1.7257,0.9196,0.6673,30
205,1015020.5,4309.621822,1.456104788,9375,0.6331,0,0,0.2971,89.9271,1.8694,0.9256,0.6437,30
206,1758747.5,5511.959041,1.374667264,22513.5,0.9657,0.0021,0,0.2659,84.4419,1.8987,0.9376,0.6044,30
207,875759,4229.011654,1.625108176,9660,0.6508,0,0,0.3485,79.2436,1.6412,0.9303,0.6891,30
208,1585384.5,5315.91027,1.418436166,20695.5,0.8115,0,0,0.3149,83.7952,1.7929,0.9316,0.6395,30
209,1068854,4664.814815,1.620091521,33294,1.8799,0,0,0.3911,94.3273,1.7774,0.9371,0.6764,30
210,1594341.5,5781.297131,1.668239311,23940.5,1.0949,0,0,0.3622,78.6799,1.7359,0.9483,0.6532,30
211,1294746,4603.559985,1.302543258,7637.5,0.4138,0,0,0.2921,80.3693,1.7511,0.9102,0.6575,30
212,906143,4256.408621,1.591032345,17694.5,1.1867,0,0,0.3382,86.8833,1.7524,0.9349,0.6716,30
213,1281766.5,4756.488911,1.404601671,25256,1.6132,0.2414,0.0001,0.2857,93.4735,2.0545,0.9321,0.6071,30
214,1054104,4685.109191,1.657086171,10630,0.9631,0.1295,0.0055,0.3785,70.9541,1.5299,0.9389,0.71,30
215,893308,4411.143681,1.733366126,15055.5,1.1844,0,0,0.377,86.8517,1.8778,0.9325,0.655,30
216,995777.5,4718.488912,1.779232443,16202.5,0.9751,0,0,0.4105,96.8483,1.8799,0.93,0.6749,30
217,880517,4164.08986,1.567081418,8956,0.6288,0,0,0.3623,93.7603,1.7966,0.8997,0.696,30
218,866668.5,3960.391373,1.440165226,1067,0.0722,0,0,0.3377,89.3656,1.742,0.8832,0.7067,30
219,735521,3960.35985,1.69692771,2690,0.2617,0,0,0.3713,87.5314,1.6754,0.9063,0.7114,30
220,1541065.5,5503.993529,1.564313711,13696.5,0.8388,0.0541,0.0004,0.3045,72.0616,1.633,0.9435,0.6664,30
221,818582,4146.835028,1.671708099,4674,0.401,0,0,0.3889,81.7666,1.6434,0.9254,0.7148,30
222,548617.5,3352.896867,1.630646616,13765.5,1.6588,0,0,0.3908,108.4938,1.9957,0.9198,0.6754,30
223,739809.5,3736.568004,1.501810021,24772,2.5049,0.0027,0,0.3385,105.2621,2.2663,0.9256,0.613,30
224,826876.5,3714.023843,1.327510136,23465,2.638,0.0095,0.001,0.3195,109.0157,2.2599,0.9218,0.6161,30
225,1658483,5574.628087,1.491110723,17977.5,0.8967,0,0,0.2885,84.1632,1.7799,0.9392,0.6379,30
226,1493156.5,5190.086896,1.435598677,44965.5,4.7006,0.0119,0.0004,0.277,78.2429,2.0511,0.951,0.5776,30
227,1803591,5929.363146,1.551197729,21963,0.7373,0,0,0.3581,75.6897,1.7133,0.9426,0.6511,30
228,1283574.5,4719.258467,1.380751638,31113,2.2946,0,0,0.321,96.7874,1.8956,0.9362,0.6427,30
229,1769092,5733.539779,1.478714603,33477,2.9611,0,0,0.3098,89.5426,1.7794,0.9537,0.634,30
230,1499870,5398.613807,1.546322318,10471,0.8121,0.0106,0,0.291,87.5311,1.887,0.9342,0.6281,30
231,1603658.5,5489.047354,1.495103248,45156.5,4.3435,0,0.0055,0.311,80.8926,1.9176,0.9563,0.6102,30
232,1527115.5,5411.390503,1.525931314,33709,2.7894,0,0,0.303,94.287,1.653,0.9473,0.6803,30
233,1481926,5487.37326,1.616931448,26136,1.5498,0.0021,0,0.2961,85.9944,1.7513,0.9427,0.6484,30
234,1398586.5,5549.699148,1.75242189,34329.5,1.5003,0,0,0.3387,80.1258,1.6498,0.9516,0.6742,30
235,1069261.5,4468.180256,1.485821235,31084.5,2.1696,0.0184,0,0.3196,95.5335,2.0439,0.9332,0.6154,30
236,1640244,5382.877871,1.405755255,25083,1.3976,0.055,0.0027,0.347,89.8046,2.0231,0.9451,0.6186,30
237,1105519.5,4661.493969,1.564130434,12105,1.0125,0.0187,0.0007,0.3602,84.7449,1.7518,0.9295,0.686,30
238,1109614,4901.442233,1.722919435,17860,1.164,0,0,0.3678,71.6818,1.7137,0.9527,0.6549,30
239,1636476.5,5472.042295,1.456056536,61053,4.2206,0,0,0.3339,93.7154,1.9175,0.9523,0.6179,30
240,1348241.5,5074.915325,1.520124051,45967,3.8241,0,0.0003,0.3459,87.4577,2.1368,0.9513,0.5897,30
241,1837220.5,6968.487169,2.103317557,0,0.0045,4.6191,4.9964,0.4004,53.3945,1.5595,0.9608,0.6767,40
242,1247996.5,5178.336672,1.709843331,1651.5,0.6894,2.6987,6.0397,0.3858,47.0767,1.5275,0.9637,0.6761,40
243,1386324.5,5400.586462,1.674195109,2738.5,0.6384,0.1179,6.5121,0.3969,46.3761,1.3515,0.963,0.708,40
244,724314.5,4017.347657,1.773130803,3234,3.872,2.4214,8.5761,0.364,53.5084,1.843,0.9612,0.6359,40
245,1712734,6158.347998,1.762088247,0,0.0161,3.7907,9.7898,0.3563,48.9738,1.4815,0.9545,0.6767,40
246,1953624.5,6119.002768,1.525138649,0,1.5252,2.4295,6.9474,0.2989,46.7913,1.8027,0.9682,0.6077,40
247,1829036.5,6244.365236,1.6964589,3389.5,1.6333,3.2083,18.7225,0.3785,55.9757,1.8944,0.9724,0.6186,40
248,1065477,5003.040214,1.869446447,12313.5,4.0331,0.0329,7.2031,0.3901,61.4853,1.6264,0.9616,0.6735,40
249,1713246,5807.196633,1.566399216,242.5,0.0261,2.8002,5.5182,0.3226,52.9819,1.5801,0.9581,0.6464,40
250,2501677,7565.440487,1.820649404,2103.5,0.3751,0.5188,2.4489,0.3267,54.9158,1.642,0.9729,0.6196,40
251,2704965.5,7165.713438,1.510588809,97,0.0138,1.3527,7.4916,0.2426,52.4326,1.6827,0.9655,0.597,40
252,2787342,7213.548128,1.485582343,0,0.0001,5.2716,13.4052,0.3169,44.8836,1.7819,0.9696,0.5932,40
253,1437638.5,5395.709256,1.611522991,1604,2.2812,2.0982,2.8322,0.3406,57.5937,1.5299,0.9654,0.6662,40
254,3580424.5,8241.329873,1.509555886,2041.5,0.4774,0.8288,2.9422,0.3276,46.3149,1.6104,0.9786,0.6214,40
255,2428963,6969.474969,1.591359666,35183,35.8105,0.4101,13.001,0.3272,60.5103,1.7523,0.9807,0.6133,40
256,1378777.5,5462.444319,1.722142081,22336,23.0152,1.2079,15.1127,0.3641,49.3005,1.4207,0.9795,0.6798,40
257,2409468.5,7198.923677,1.711602869,2913,0.853,1.4518,8.1743,0.3481,47.4464,1.7702,0.984,0.6067,40
258,1424370,5677.491001,1.80085693,7197.5,2.4606,0.04,10.4457,0.365,47.4275,1.3209,0.9678,0.6975,40
259,2280613,6891.35722,1.657093638,0,0.8302,3.7419,12.9322,0.3739,54.1545,1.8547,0.9699,0.6268,40
260,1969283,7236.906433,2.116347131,0,0.0847,0.0062,4.182,0.3563,51.0007,1.447,0.9684,0.6744,40
261,2132286,6315.495179,1.488533047,41,0.0139,0.2508,1.9267,0.3084,42.3344,1.425,0.9601,0.6505,40
262,2646152,7352.126779,1.625549908,4691,12.3366,0.2123,2.6686,0.3595,55.7932,1.7977,0.9869,0.6163,40
263,1263972,4863.432123,1.489146362,8825.5,4.6265,0.6194,10.7624,0.3583,52.0334,1.7097,0.9709,0.6416,40
264,3508656.5,7596.030441,1.308644429,866.5,0.185,4.8765,6.1292,0.2964,54.8606,1.8174,0.9815,0.5814,40
265,1745987,6359.803834,1.843467795,1.5,0.1838,1.2105,4.1563,0.3782,53.3468,1.4612,0.949,0.695,40
266,1863945.5,6021.144898,1.547797239,173,0.5035,0.8387,4.246,0.2999,51.0956,1.6471,0.9649,0.6252,40
267,2268876,6902.87195,1.671236814,1544.5,1.3856,2.3562,4.926,0.3579,52.1828,1.6101,0.9731,0.6589,40
268,2298698.5,9057.961465,2.840325059,797.5,2.5361,1.7914,26.1301,0.4083,54.6827,1.8375,0.9754,0.6466,40
269,1768359.5,6124.17433,1.687771504,1580.5,5.9961,1.0451,6.9651,0.3504,52.795,1.482,0.9711,0.6752,40
270,2001705.5,6015.865679,1.438749546,0,0.18,2.277,4.7721,0.3094,47.3836,1.7687,0.9668,0.6126,40
271,1634632,6059.176417,1.787295323,0,0.0016,4.6312,9.9735,0.3724,54.1844,1.7682,0.9686,0.6432,40
272,1865580,6139.578448,1.607875245,0,0,6.272,7.5673,0.3371,58.3969,1.8655,0.9566,0.6227,40
273,4012926,8845.312622,1.551509156,33,0.2184,2.0453,6.6691,0.2454,59.2391,2.0418,0.9796,0.5396,40
274,1613605,7254.930817,2.595723568,3916.5,1.3768,1.8135,15.5564,0.4696,53.0287,1.7217,0.9768,0.6685,40
275,1227160,4806.305154,1.497995854,0,0.0295,2.8141,7.5113,0.3454,42.9026,1.4413,0.9611,0.6657,40
276,1004216,4860.089864,1.871761813,623,0.4176,2.2314,3.2074,0.3405,39.0762,1.561,0.9514,0.6602,40
277,2138644,7086.293289,1.868481786,5999,4.1712,0.456,10.4779,0.3524,57.7254,1.9179,0.9746,0.5989,40
278,2138347.5,6208.05658,1.434241121,0,0.0678,1.664,11.8651,0.2787,48.473,1.7192,0.9562,0.6125,40
279,1711304.5,6253.93883,1.818733583,0,0.668,3.4406,7.6934,0.3735,43.4513,1.4606,0.964,0.6765,40
280,1587984.5,5526.988476,1.530805379,0,0.0992,5.6157,14.3819,0.3381,39.0188,1.3677,0.961,0.6773,40
281,1408435.5,6552.032191,2.425516327,2524.5,0.7523,2.0099,10.4438,0.4195,57.3151,1.6463,0.9565,0.6844,40
282,3792076.5,8388.785717,1.47676106,0,0,1.1264,2.5574,0.2907,56.3398,1.7224,0.9725,0.6117,40
283,1103909.5,4759.469582,1.632949525,2.5,0.2021,13.1814,8.6975,0.3214,52.5163,1.5914,0.9338,0.6687,40
284,1749677.5,6632.840416,2.000922235,0,0.3786,0.1209,2.1619,0.3391,58.3849,1.6109,0.955,0.671,40
285,2019565,6154.427077,1.492473213,14955.5,12.978,0.5706,5.1213,0.2916,83.7325,2.0054,0.9678,0.5959,40
286,366717,2851.870396,1.76489002,1649,1.21,0.0004,34.3463,0.3917,72.3023,1.8413,0.9491,0.6673,40
287,2506772,7441.180599,1.757753517,5253.5,0.8054,2.2314,6.0966,0.3715,52.7202,1.5986,0.972,0.6582,40
288,1351047.5,5252.478811,1.624976634,144.5,0.1914,2.5044,9.5885,0.24,65.1387,2.0885,0.937,0.586,40
289,2558587.5,7366.667969,1.687839079,0,0.3187,1.6294,5.3454,0.3461,59.4477,1.8454,0.9681,0.628,40
290,2016954.5,6898.698275,1.877704819,556.5,3.0157,2.4285,9.5838,0.3995,54.6152,1.4764,0.972,0.6887,40
291,2312920,6813.048567,1.597024131,3693,2.4587,0.6993,2.0392,0.3721,57.9595,1.5626,0.9813,0.6625,40
292,3446129.5,7783.374471,1.398921607,4162,0.2684,2.4985,3.9772,0.2641,48.8211,1.7001,0.9708,0.5935,40
293,2750565.5,8036.050654,1.868325151,6,2.838,1.9734,3.6278,0.3564,49.241,1.7085,0.9765,0.6369,40
294,2600208,7091.440481,1.539040168,0,0.1366,2.3117,5.4165,0.3623,42.0963,1.4458,0.9723,0.663,40
295,948054.5,4412.523405,1.634292774,5770,1.602,0.6832,7.1348,0.3611,49.4254,1.6055,0.9598,0.6649,40
296,2500589,7461.347118,1.771663727,1530,0.7135,0.6106,0.5807,0.3513,41.7031,1.4577,0.9718,0.6729,40
297,783732.5,4386.842165,1.954003252,2119,0.9464,1.9455,10.0928,0.4165,43.3776,1.568,0.9667,0.6787,40
298,2152379.5,6290.590633,1.463029628,300.5,1.1412,1.4697,10.4916,0.3208,50.1173,1.707,0.9682,0.6158,40
299,1787843,6198.691136,1.710250541,9489.5,11.5975,0.3804,8.3533,0.384,53.7974,1.5547,0.9745,0.6645,40
300,1336570,5087.407743,1.540956946,598.5,0.3017,0.4274,5.532,0.3576,47.3917,1.492,0.9553,0.6772,40
301,524368,3317.281646,1.670004461,38537,36.8827,0,0,0.3867,128.4937,2.7259,0.9673,0.5677,50
302,788176.5,3855.195421,1.50057751,59492.5,28.7719,0,0,0.3358,107.1301,2.7719,0.9637,0.5247,50
303,369264,2997.728257,1.936585492,28289.5,25.6039,0,0,0.4214,121.1752,2.8384,0.9649,0.5721,50
304,747818.5,3606.044054,1.383741518,53347,28.7198,0,0,0.2613,130.2709,3.3627,0.951,0.4566,50
305,1137598,4844.672685,1.641833761,64232.5,26.5884,0,0,0.3398,104.2609,2.7345,0.9656,0.5252,50
306,851537,4341.982216,1.761820576,35113,27.562,0,0,0.3669,92.4141,3.1006,0.9729,0.5141,50
307,519599,3495.115124,1.870870747,16651.5,31.8702,0,0,0.3908,122.958,2.6902,0.9737,0.5742,50
308,574804.5,3480.303939,1.676885105,42253,25.8326,0.0206,0,0.3315,103.5771,2.6691,0.9635,0.5362,50
309,1345212.5,5292.170156,1.656783744,57525,37.2092,0,0.0492,0.3353,88.8008,2.6549,0.9746,0.5264,50
310,654441.5,3642.661366,1.6134514,44222.5,48.727,0,0,0.3711,115.3295,2.322,0.9745,0.5889,50
311,849886.5,3913.34766,1.433920435,50630.5,51.3631,0.052,0,0.2767,114.1535,2.8881,0.9669,0.4969,50
312,825321,4211.864462,1.710468178,60326.5,30.0949,0,0.0014,0.3759,107.941,2.1612,0.966,0.6097,50
313,679587.5,3862.744625,1.747172286,49208,38.7142,0.0045,0.0002,0.3813,106.5672,2.327,0.9698,0.5969,50
314,413421.5,2760.289658,1.466578718,21439,43.7584,0,0,0.2896,148.2956,3.261,0.9653,0.492,50
315,875965.5,4299.361941,1.679229805,58700,40.8241,0,0,0.3644,107.7981,3.04,0.973,0.5252,50
316,968230.5,4332.700036,1.542863862,57159.5,48.9277,0.0331,0.0029,0.3481,92.9331,2.5799,0.9772,0.5423,50
317,784437.5,4216.509128,1.803586032,50637,39.5462,0.0187,0.0001,0.3645,108.4869,2.9131,0.9717,0.5329,50
318,1045108.5,4596.263521,1.608561172,64037,33.42,0,0.0054,0.3644,96.0075,2.8325,0.9707,0.5291,50
319,1278660.5,5019.15082,1.567813368,51654.5,41.2103,0,0.0001,0.3028,107.5732,2.5965,0.969,0.5206,50
320,525870.5,3460.269446,1.811882989,52236,32.4209,0,0,0.3182,135.6036,3.177,0.954,0.508,50
321,418921,2998.438935,1.707840885,28049,32.6362,0.051,0.0002,0.3269,148.0955,3.4992,0.9557,0.499,50
322,953387,4436.623911,1.642952947,43167.5,50.552,0,0,0.3402,123.4008,2.891,0.9734,0.5272,50
323,1170787.5,4483.954866,1.366575116,39614.5,43.125,0.2665,0.0618,0.2471,109.6634,3.7249,0.9652,0.427,50
324,761402,3930.776152,1.614848305,53222,29.4201,0,0,0.3893,116.0936,2.8601,0.9672,0.5501,50
325,1103711.5,4526.287911,1.477127227,56768,29.4921,0.0174,0.0007,0.3511,107.6191,2.3481,0.9672,0.5699,50
326,748353,4098.089857,1.785852434,43080,34.8038,0,0,0.3795,110.8665,2.5872,0.9723,0.5673,50
327,762097,3700.30098,1.42972651,56017,46.5753,0,0,0.329,121.5133,2.4697,0.9669,0.5613,50
328,547992,3269.683662,1.552481296,37418.5,27.6675,0.0695,0,0.3581,126.9946,3.08,0.9603,0.5293,50
329,934881.5,4455.102054,1.689459824,61191,25.1364,0.0282,0.0043,0.3638,91.6664,2.5631,0.9678,0.5487,50
330,1013027.5,4531.753855,1.613245681,49502.5,43.3746,0,0,0.3364,105.8026,2.9891,0.9734,0.5089,50
331,698544.5,3543.240014,1.430198066,49027,35.244,0,0,0.2892,127.6259,2.8708,0.9592,0.5073,50
332,971646,4413.982214,1.595666807,67416,43.96,0,0,0.3196,102.1459,2.0928,0.9676,0.5853,50
333,1117012.5,5049.057456,1.816149991,60390.5,35.2773,0.0006,0.0002,0.3512,105.0222,3.2787,0.9704,0.501,50
334,601328.5,3642.186185,1.75550317,53574,35.0392,0.0006,0.0027,0.3264,112.4228,2.58,0.9638,0.5416,50
335,584821.5,3344.161807,1.521739645,36205.5,28.804,0.0429,0.0001,0.2868,122.3545,2.8646,0.9568,0.5073,50
336,954977.5,4619.788343,1.77844377,22130,42.8902,0,0.1449,0.3874,95.4491,2.3385,0.9808,0.5927,50
337,694288,3983.663455,1.8189248,33924,27.3121,0,0.0254,0.3984,113.1719,3.0278,0.9704,0.5453,50
338,918252.5,3940.332503,1.345528011,54154,28.9601,0.0074,0.0428,0.306,120.7761,2.9252,0.9574,0.5109,50
339,775566.5,4011.504069,1.651142487,57763.5,30.4615,0,0,0.3707,123.8709,2.8441,0.9649,0.5483,50
340,583195.5,3597.15675,1.765605538,41076,32.1687,0,0,0.3819,103.9696,2.5287,0.9717,0.5653,50
341,699111.5,4227.455303,2.034233131,60716,39.59,0.0076,0,0.3755,115.7093,2.6962,0.9689,0.56,50
342,884410,4208.526369,1.593659666,66057,45.5274,0,0,0.3212,110.4933,2.165,0.9674,0.5829,50
343,958190,4517.795482,1.695081639,35588.5,39.5137,0,0.0007,0.3915,113.9759,2.9308,0.9756,0.5489,50
344,589767.5,3421.014616,1.579130942,43917,49.3573,0,0.0057,0.331,118.5152,3.0028,0.9683,0.5229,50
345,1010626.5,4735.469579,1.765730995,58416.5,32.3829,0.0106,0.0018,0.3428,94.8931,2.4396,0.973,0.5606,50
346,555928.5,3643.323272,1.900052483,51756.5,33.4513,0,0,0.3656,128.6691,2.7029,0.9617,0.5611,50
347,474969,3068.463319,1.577486776,27129,41.4418,0,0,0.3363,129.1977,2.9862,0.9685,0.5219,50
348,1181936,5152.485954,1.787428971,67071,50.5771,0,0.0126,0.3708,95.1567,2.3269,0.9779,0.5838,50
349,631811,3553.860286,1.590752587,45468,34.4218,0,0,0.2815,118.0505,2.6882,0.9617,0.5194,50
350,394566,2995.184106,1.809324676,32337.5,38.2496,0,0,0.3773,149.6713,3.268,0.9616,0.5416,50
351,733989,4053.153791,1.781089463,42608.5,39.8657,0,0.0116,0.3575,102.6697,2.9931,0.9715,0.5247,50
352,842858,4305.854363,1.750464794,62502,36.6441,0,0,0.3959,100.7536,2.3062,0.9717,0.5897,50
353,835961.5,4574.23913,1.991776359,53437.5,37.6454,0,0,0.3882,118.5363,3.0362,0.971,0.5428,50
354,1055633,4689.320309,1.657661915,68087.5,33.2814,0,0.0021,0.333,104.9219,3.0382,0.967,0.5061,50
355,1006262,4673.334592,1.72715693,51012.5,25.1686,0,0.0035,0.3715,97.5062,2.7911,0.9688,0.5397,50
356,519028.5,3564.931356,1.948499319,47272,27.0589,0,0,0.3918,115.4935,2.6237,0.9613,0.5755,50
357,637007.5,3833.43092,1.835776719,55009.5,21.8424,0,0,0.4046,111.6142,2.437,0.9627,0.5897,50
358,361890,2896.16477,1.844416805,33272.5,30.5211,0,0.0024,0.3556,122.3778,3.123,0.9613,0.5242,50
359,801287,3963.212665,1.559896479,60046.5,28.7532,0,0,0.3283,115.4991,2.2377,0.9609,0.5806,50
360,896458,3966.918297,1.396901182,60525.5,27.5895,0,0,0.3097,122.9915,3.0584,0.9567,0.4967,50
361,2293731,7020.847564,1.710116605,88.5,0.0032,0,0,0.372,50.1205,1.4222,0.9653,0.6668,60
362,1460028,5526.6037,1.664732977,18747,2.5325,0,0,0.3402,54.3248,1.5338,0.9593,0.6555,60
363,2848065.5,8055.025392,1.812896352,2579,0.074,0,0.0007,0.3442,67.4068,1.8937,0.971,0.5984,60
364,1257206.5,5462.028023,1.888384168,15896.5,3.6234,0,0,0.3897,48.8681,1.4659,0.9675,0.6734,60
365,1772977.5,6303.948932,1.783656697,588.5,1.355,0,0,0.3626,56.0391,1.651,0.9743,0.6364,60
366,2140867.5,7152.271873,1.901460728,10992,2.4419,0,0,0.3343,58.051,1.6697,0.9724,0.6273,60
367,1448892,5523.123469,1.675415812,2350.5,2.028,0,0,0.3519,51.2628,1.5585,0.9646,0.6498,60
368,3254992,7983.322732,1.558140326,31153,19.8919,0,0,0.3188,63.5817,1.8254,0.9837,0.5866,60
369,1893723,6168.715525,1.5990504,31836.5,8.7199,0,0,0.3774,60.6912,1.663,0.9749,0.6351,60
370,2308126.5,6928.42411,1.655001691,9438,2.8654,0,0,0.3374,49.829,1.6189,0.976,0.6202,60
371,2028571.5,7014.722667,1.930277782,512,0.0202,0.0845,0.017,0.3562,55.4827,1.6465,0.9682,0.6301,60
372,2438060.5,7152.144018,1.669618099,6218.5,2.3674,0,0,0.3752,41.8402,1.3412,0.9794,0.6657,60
373,2665909.5,7281.031317,1.582448249,4360.5,4.3793,0,0,0.3567,59.064,1.9068,0.9778,0.5955,60
374,2885123.5,7553.766389,1.573808227,252,0.147,0,0,0.3603,52.5465,1.585,0.9785,0.6314,60
375,2434914,7495.950155,1.836364437,0,0,0,0,0.3952,37.9917,1.4346,0.9716,0.665,60
376,1345717.5,4947.46958,1.44744305,0,0,0,0,0.246,54.8442,1.7978,0.9282,0.5994,60
377,1499944.5,5713.047354,1.731607979,3408.5,5.8809,0.0109,0.0004,0.3079,57.3719,1.7083,0.9662,0.6201,60
378,2116824,7216.754193,1.957889584,0,0.0026,0,0,0.3875,44.1247,1.4869,0.9646,0.6619,60
379,2429511,6842.951023,1.533758964,14563.5,5.1277,0,0,0.2831,65.6005,2.1232,0.9668,0.5473,60
380,2674009,7491.940042,1.670378309,0,0,0,0,0.3659,52.5612,1.4755,0.9635,0.6635,60
381,1393709.5,5916.836238,1.998922511,0,0.0001,0.0006,0,0.3977,52.8462,1.4289,0.9562,0.6949,60
382,2809435.5,7512.771435,1.598712634,17042,13.6754,0,0,0.3532,62.9867,1.6507,0.9814,0.6307,60
383,1068633,4333.22694,1.398245429,39486,19.074,0,0.0007,0.3116,60.4895,1.6663,0.9672,0.6322,60
384,1385303.5,5076.846351,1.480581193,20204,2.3183,0,0,0.3451,59.0212,1.5374,0.9644,0.6588,60
385,1668229,6134.549006,1.795141695,782.5,0.3144,0,0,0.378,60.4536,1.553,0.9632,0.6674,60
386,2595623,7108.337885,1.549114907,40.5,0.1632,0,0,0.3001,62.1201,1.7518,0.9756,0.5926,60
387,2080509,6783.803839,1.760216486,8,0.0072,0.0012,0,0.3357,41.027,1.3877,0.9547,0.6641,60
388,1680506,6218.93674,1.831392078,1117.5,0.0703,0,0.0159,0.3789,51.4745,1.3391,0.9568,0.6948,60
389,1130667.5,5380.160045,2.037251289,2042.5,1.6487,0.2556,0,0.449,49.059,1.4969,0.9658,0.6919,60
390,2809535.5,7390.781539,1.547160351,5,0.06,0,0,0.3187,50.7146,1.4897,0.9779,0.6338,60
391,2255838,6412.264736,1.45045447,0,1.4189,0,0,0.3249,53.8328,1.5948,0.9739,0.6338,60
392,625470,3636.07558,1.682086946,0,0,0.0184,0,0.3658,47.2869,1.3597,0.9295,0.7165,60
393,2384147.5,6987.835367,1.629826328,0,3.7049,0,0.0023,0.3,52.147,1.6802,0.9764,0.6072,60
394,556933.5,3788.283731,2.05055195,171.5,0.0167,0.0026,0,0.3771,68.3671,1.8013,0.9215,0.665,60
395,2198107.5,6225.938827,1.40329795,11169.5,4.6562,0,0,0.2709,52.8597,1.6607,0.9711,0.6051,60
396,1543681,5815.858533,1.743649661,5304.5,1.5742,0,0,0.3523,49.6933,1.4674,0.9607,0.6625,60
397,1825606,5989.917408,1.563953133,10355.5,2.0739,0,0,0.276,54.9499,1.5601,0.9632,0.6326,60
398,2385316,7473.474972,1.863323958,30.5,0.0008,0,0,0.3609,40.2977,1.224,0.9613,0.6983,60
399,3214890.5,8228.702458,1.676044916,344,0.0063,0,0,0.3397,46.7137,1.2538,0.9712,0.6946,60
400,2498468.5,8279.648627,2.183428904,14409,2.2069,0,0,0.3641,48.876,1.3519,0.9728,0.685,60
401,1804245.5,5913.321516,1.542256024,23891.5,3.3151,0.0001,0,0.3136,61.4277,1.8157,0.9652,0.6035,60
402,1370875,5039.466619,1.474213587,792.5,0.0689,0,0,0.3291,57.472,1.6409,0.9519,0.6434,60
403,3089042,8013.85678,1.654430244,0,0,0,0,0.3468,49.9739,1.4647,0.9722,0.653,60
404,993763.5,4560.758907,1.665636806,15062.5,6.6604,0.1942,0,0.3047,58.9741,1.8492,0.9624,0.6076,60
405,933623.5,4487.954863,1.716778661,1531.5,0.1153,0,0,0.362,66.5771,1.7021,0.9494,0.6625,60
406,1208874,4982.270659,1.634040125,62.5,0.0055,0,0,0.3315,50.0539,1.6229,0.9519,0.6373,60
407,866971.5,4690.415762,2.019328526,4477,0.6488,0,0,0.411,61.1278,1.5628,0.9587,0.6789,60
408,912742,4784.231992,1.995563478,5135,1.4817,0,0,0.3529,58.4816,1.6445,0.9579,0.6492,60
409,2692864,7037.062846,1.463381496,0,0,0,0,0.3259,68.6697,1.5512,0.9654,0.6603,60
410,2475790.5,7708.751227,1.910043637,4939.5,1.1189,0,0,0.3758,47.0714,1.4978,0.971,0.6604,60
411,1898607,6770.7643,1.921451532,0,0,0,0,0.3345,45.0748,1.3139,0.9553,0.6899,60
412,1707637.5,6077.983422,1.721521533,0,0,0,0,0.3487,44.2089,1.2898,0.958,0.6886,60
413,1154740.5,5135.424988,1.817429204,14672.5,0.8343,0,0,0.3682,52.9516,1.3032,0.9536,0.7196,60
414,1344938.5,5552.149947,1.823933785,4444.5,0.2818,0.0017,0,0.3699,50.4308,1.4922,0.957,0.6715,60
415,1919376.5,6613.561194,1.813425423,141.5,0.0047,0,0,0.3536,48.5778,1.4304,0.9569,0.6678,60
416,1234569.5,4996.312291,1.609061815,27,0.0036,0.0001,0,0.3306,45.5939,1.5745,0.9473,0.6405,60
417,1616436,5719.491007,1.610443042,74.5,0.0042,0,0,0.3444,41.3674,1.4765,0.9579,0.6519,60
418,770570,3962.859408,1.621789011,0,0,0,0,0.359,46.5268,1.4482,0.942,0.6939,60
419,1730737,6204.309326,1.769884502,1993,0.0817,0,0,0.3401,53.9965,1.538,0.9556,0.6471,60
420,2327697,7515.690254,1.931080684,203.5,0.0052,0,0,0.3639,46.7498,1.2796,0.9608,0.7002,60
421,847922,4418.893904,1.832569127,40461,6.7166,0,0,0.3673,79.946,2.1299,0.9637,0.5853,70
422,1270166,5460.731559,1.868229789,31107.5,3.0663,0,0,0.3817,65.0837,1.9667,0.9703,0.595,70
423,1977524.5,6361.15918,1.628320064,45249,5.3488,0,0,0.3525,74.6116,2.0611,0.9711,0.5758,70
424,1137876,5309.133579,1.971249008,23335.5,2.2258,0,0,0.376,66.3619,2.0792,0.967,0.5821,70
425,1579817.5,6140.350954,1.899190759,77671.5,20.5069,0,0,0.3806,74.6227,1.7479,0.9744,0.628,70
426,2320528,6973.176419,1.667491439,37302,3.5143,0,0,0.3444,68.8286,2.1329,0.9729,0.5565,70
427,1147864,5505.324481,2.101186139,49114.5,10.0473,0,0,0.4198,71.9927,2.0286,0.973,0.6076,70
428,1448746,5607.765174,1.727334745,32652,3.4066,0,0,0.3769,73.4278,2.1881,0.9669,0.5731,70
429,1568989.5,6277.262643,1.998525451,46844.5,7.5956,0,0,0.4356,65.3577,1.8103,0.9773,0.6296,70
430,1691237.5,5767.772313,1.565311358,34870.5,5.4028,0,0,0.3548,74.3583,2.2672,0.9703,0.5563,70
431,1085433,5136.104141,1.93398785,18342.5,1.4095,0,0,0.3986,61.3591,1.4407,0.9687,0.687,70
432,1262404,4994.506157,1.572446449,38798,28.4633,0,0,0.3072,95.5076,2.9743,0.9707,0.4874,70
433,1064181,4279.982217,1.369801221,46193.5,39.7586,0,0,0.2386,103.9368,3.3451,0.9642,0.4324,70
434,942127.5,4384.984302,1.624110319,52383,26.4509,0,0,0.3672,97.1412,2.9159,0.9675,0.5252,70
435,1353135,5228.662577,1.607789638,37831.5,3.4277,0,0,0.3659,79.7135,2.2896,0.958,0.5668,70
436,1408607.5,5227.674767,1.543889613,44282.5,4.6785,0,0,0.3467,73.0134,1.8079,0.9647,0.6175,70
437,1382143,5306.52044,1.621271785,57112,8.75,0,0,0.3353,82.3325,1.8529,0.9666,0.6139,70
438,1697850.5,5501.179382,1.418408375,58672,15.0964,0,0,0.3131,92.4454,2.4395,0.967,0.5337,70
439,3024447.5,7609.967393,1.523732259,7992.5,0.7369,0,0,0.3098,61.9782,2.1841,0.9761,0.5322,70
440,2191293,7321.405992,1.946604171,45935.5,8.3469,0,0,0.3947,68.3024,1.944,0.9767,0.6001,70
441,1034752,4780.977162,1.757867692,46820,12.4238,0,0,0.3127,85.7005,2.376,0.9635,0.5328,70
442,1567207.5,5775.993526,1.694010175,15574.5,4.4063,0,0.0049,0.3293,69.5793,2.6502,0.9676,0.5101,70
443,2150718.5,6765.100295,1.69337845,35011.5,13.4661,0,0,0.3551,84.1216,2.8034,0.9754,0.5155,70
444,1479414.5,5831.179384,1.82899304,61719,15.6713,0,0,0.3951,84.5697,2.6285,0.9709,0.5532,70
445,1392635.5,5468.562073,1.708826424,49354,41.6034,0,0,0.3679,94.6041,3.0065,0.9798,0.5227,70
446,2529986,7269.024179,1.661970189,47485,33.7809,0,0.0017,0.3047,93.7674,3.0699,0.9787,0.4777,70
447,1760739.5,6315.546917,1.802668811,57476,25.2348,0,0,0.3963,86.3508,2.5214,0.9766,0.5596,70
448,1748121,6405.13775,1.867560066,73209,39.2189,0,0,0.3663,81.0034,2.0831,0.9798,0.5798,70
449,1616752,5837.387539,1.677191941,72355.5,34.2175,0,0,0.3685,91.4956,2.51,0.9751,0.5494,70
450,2056071.5,6333.546915,1.552547481,68264.5,43.0149,0,0,0.3121,82.7081,2.3563,0.9789,0.5268,70
451,1286228,5127.55998,1.626644539,65287,14.4565,0,0,0.3379,79.9148,2.2535,0.9687,0.5529,70
452,1112660.5,5190.75891,1.927028625,55700.5,17.5368,0,0,0.3687,82.2316,2.1324,0.9732,0.5786,70
453,1748291.5,6177.855575,1.737203824,50983.5,24.5154,0,0,0.3644,80.771,2.2572,0.9769,0.5651,70
454,1646056.5,5661.27275,1.549432068,72474,24.0252,0,0,0.3022,94.6668,2.5262,0.9688,0.5174,70
455,2488344.5,6994.036376,1.564351661,11854.5,17.1985,0,0,0.326,86.2639,2.6488,0.9787,0.5141,70
456,1715499,5992.853481,1.665965374,24740,4.666,0.015,0,0.371,72.7516,2.0899,0.9733,0.5818,70
457,2615687.5,7341.482107,1.639723998,16884,19.2112,0,0,0.3447,101.5899,2.7828,0.9776,0.5144,70
458,1489906,5584.08393,1.66545969,77575,25.7484,0,0,0.3612,92.1747,2.3577,0.9713,0.5581,70
459,1533353,5676.711348,1.672401685,68281,26.1133,0,0,0.3397,101.1271,2.7597,0.9691,0.5193,70
460,2465052,6863.543955,1.520757174,54730.5,37.8522,0,0,0.2971,96.7997,3.4001,0.9758,0.4572,70
461,1162034,4821.559982,1.592008686,63729.5,35.0466,0,0,0.3543,101.8478,2.796,0.9723,0.5277,70
462,1395939,5292.187396,1.596588908,69694.5,37.1758,0,0,0.3063,96.6898,2.62,0.9713,0.5165,70
463,1130566,4931.795483,1.711998252,61744.5,33.5274,0,0,0.325,91.974,2.7401,0.9723,0.5114,70
464,1415629.5,5850.076787,1.923812088,75908,33.562,0,0,0.3483,78.0061,2.0038,0.9768,0.583,70
465,1218902.5,5663.567125,2.094113695,67456.5,18.89,0.0403,0,0.4068,90.0551,2.6262,0.9696,0.5632,70
466,1725603.5,6356.576352,1.863350882,84934,38.1141,0,0,0.3649,74.2875,1.9908,0.9802,0.585,70
467,1916605,6740.975406,1.886696262,61571,19.7345,0,0,0.3636,88.3867,2.5472,0.9736,0.5452,70
468,1380575,5073.005724,1.48340528,57158.5,39.2401,0,0,0.3448,101.6762,3.3774,0.974,0.4926,70
469,2120570.5,6743.301305,1.706402723,53730,22.9029,0.0093,0,0.3929,83.0011,2.8827,0.9781,0.5292,70
470,1519394.5,5628.468703,1.659201308,37254.5,3.1352,0,0,0.3699,73.1338,1.7748,0.9661,0.6305,70
471,1216290.5,5093.518352,1.697413126,51623,8.0591,0,0,0.3492,77.6395,1.883,0.9664,0.6089,70
472,1167624,5097.559988,1.770968342,58940.5,23.3443,0,0,0.3844,76.2666,2.0997,0.9757,0.587,70
473,1314515,5452.402694,1.79969712,48711.5,12.6899,0,0,0.3555,76.9042,2.0325,0.9719,0.5848,70
474,1691837.5,5548.361064,1.447971134,55950,11.3906,0,0,0.2965,79.0114,2.1175,0.968,0.5505,70
475,1296588.5,5063.979245,1.573877001,41117,14.0027,0,0,0.3139,93.9807,3.4134,0.9654,0.463,70
476,2089948.5,6703.502329,1.711027797,50622,40.1403,0,0,0.3487,92.8519,3.3575,0.9788,0.4923,70
477,1267746.5,5181.366116,1.685175985,48522.5,16.4433,0,0,0.3694,86.0513,3.1592,0.967,0.5071,70
478,1274728,5004.69707,1.563605485,69281.5,37.2596,0,0,0.355,92.7551,2.3913,0.9735,0.5535,70
479,1595041,5471.990568,1.493853296,28915,5.8807,0,0,0.3394,65.4589,1.9831,0.9724,0.5772,70
480,1129296,5416.128528,2.067089373,50663.5,43.6532,0,0,0.3944,93.9382,2.6291,0.9808,0.5594,70
481,1624001.5,5901.733644,1.706718533,13026,10.3107,0.5687,0.1083,0.3456,51.4246,1.6101,0.9704,0.6596,80
482,2354123,6927.686083,1.622319432,31607,36.7184,0.302,0.0969,0.3425,52.6546,1.4213,0.9855,0.6743,80
483,2844302,7676.705419,1.648781724,6766,11.3368,0,0.0018,0.311,61.8262,1.5449,0.9816,0.6377,80
484,1972688,6018.559105,1.46122057,66189.5,48.9262,0,0.0263,0.3139,58.346,1.6751,0.9818,0.6254,80
485,1934030.5,6130.777363,1.546524812,10428.5,12.9772,0.7639,0.0941,0.3114,55.1333,1.7355,0.9776,0.6088,80
486,1516765.5,5503.532632,1.589109304,21437.5,16.4355,0,0,0.3311,52.5924,1.5529,0.9718,0.6523,80
487,1594649.5,5544.066683,1.53384251,9745.5,14.419,0.6619,0.6554,0.3509,48.0571,1.5009,0.9779,0.6623,80
488,1898577.5,5904.022101,1.461021947,67128.5,51.5661,0,0.0897,0.3191,61.7474,1.4475,0.9854,0.6842,80
489,2112340.5,6558.115453,1.620254777,50152,40.8854,0.1959,0.0078,0.322,63.5228,1.7534,0.9815,0.6188,80
490,2443585.5,6775.644453,1.495074376,51925.5,45.0683,0,0.304,0.3094,53.5071,1.6623,0.985,0.6192,80
491,2654915,7567.014075,1.716277791,37659.5,25.5529,0.7825,0.0045,0.3195,71.9007,1.8923,0.9796,0.5993,80
492,1972584.5,6207.772312,1.554622909,7685.5,3.6255,0,0,0.3171,58.8606,1.5497,0.971,0.6426,80
493,1930501,6321.009904,1.646994053,60836,41.6305,0,0.104,0.3379,69.9573,1.8906,0.9771,0.6042,80
494,2728610,7080.705423,1.462179557,47760.5,45.3416,0,0.7595,0.3081,72.0088,1.9179,0.9802,0.5853,80
495,2187106,6496.132699,1.535426614,4396.5,2.3842,0,0.0202,0.327,53.2182,1.4508,0.9711,0.6663,80
496,1631681,5582.721459,1.520007685,61821.5,45.269,0.4163,0.0745,0.316,57.0607,1.5743,0.9815,0.6493,80
497,1463688.5,5821.400607,1.842448823,48696.5,23.4315,0.4233,0.0068,0.354,58.3118,1.5751,0.974,0.6544,80
498,1316770,5144.991442,1.599736708,68047,53.5233,0.3031,1.7306,0.3407,64.2987,1.7438,0.9774,0.6277,80
499,1760676.5,6164.409837,1.717483456,42775,24.4746,0,0.0017,0.3243,57.555,1.6829,0.9753,0.6295,80
500,2303376.5,6956.982543,1.672114511,26363,37.3258,0.4567,0.0508,0.3473,51.1087,1.5643,0.9844,0.6402,80
501,1958244.5,6501.404778,1.717657686,64282.5,38.0067,0.1769,0.0015,0.3299,59.3051,1.6006,0.9791,0.6387,80
502,1875965.5,6109.546914,1.583369523,54205.5,38.6684,0,0.003,0.3409,55.4309,1.4261,0.9826,0.6721,80
503,1644606,5783.633137,1.618559707,70241,43.4511,0,0.6518,0.3326,55.7754,1.3504,0.9771,0.689,80
504,2588456.5,6710.604911,1.384431876,45229.5,41.0838,0,0.0001,0.3054,71.6206,1.7281,0.9801,0.6166,80
505,1858353,6319.824045,1.710294429,24129,15.2283,0,0.0801,0.3344,56.3186,1.3246,0.9767,0.6892,80
506,1453331,5454.981339,1.629337757,27583.5,32.0744,0,0,0.3405,46.291,1.338,0.9785,0.6844,80
507,1427523.5,5725.179392,1.827191443,61230,38.0334,0,0,0.3689,63.0835,1.3207,0.9798,0.7192,80
508,2197549.5,6867.845465,1.708014223,104.5,3.6929,0,0,0.3401,52.8191,1.5432,0.9753,0.6431,80
509,2003674.5,5701.650382,1.291109617,61315,50.6522,0,0.3987,0.2345,76.452,2.0032,0.9737,0.5692,80
510,2197256.5,6426.742872,1.49585746,71167.5,54.8312,1.1286,0.2372,0.3298,60.1974,1.611,0.9813,0.6489,80
511,2122098.5,6259.689048,1.469363008,93993,59.7955,0.0888,0.2858,0.2872,59.3464,1.4638,0.9814,0.6494,80
512,2105054,6756.656645,1.72579648,15196.5,16.0325,0.3296,0.1261,0.3656,49.2201,1.4449,0.9807,0.6729,80
513,2070804,5967.078888,1.368275921,25552.5,29.3295,0.4414,0.1153,0.2646,51.6219,1.6992,0.9771,0.6101,80
514,1807715.5,6077.179388,1.625785145,42606.5,34.4173,0.6374,0.0053,0.3023,56.4207,1.5842,0.9743,0.6414,80
515,2861152.5,7472.66379,1.553098499,27186.5,26.7879,1.1371,0.6487,0.3258,51.2234,1.6041,0.9842,0.6306,80
516,1712847,6659.235299,2.060246905,11002.5,8.9861,0,0.0073,0.3661,66.0573,1.6718,0.9677,0.6562,80
517,1954481.5,6394.659611,1.664916357,4712.5,8.1752,0,0,0.336,52.3243,1.3781,0.9734,0.6792,80
518,1738443.5,6131.865677,1.721130518,44805,28.4724,0.4205,0.0135,0.3489,52.4323,1.4314,0.979,0.6659,80
519,1709333,5796.65247,1.564288925,15149,22.1312,0.0565,0.0543,0.3475,56.8658,1.7802,0.9771,0.6212,80
520,1481995,5587.549875,1.676429164,70953.5,39.5687,0,2.474,0.3243,56.8987,1.9139,0.976,0.5939,80
521,1868211,6315.231121,1.698797816,54800,35.4991,0.2608,0.0446,0.3073,54.437,2.0326,0.9786,0.5725,80
522,2586590.5,7365.894236,1.669215465,62721.5,44.7002,0.0347,0.0037,0.345,52.5121,1.565,0.984,0.6378,80
523,1992938.5,6369.345907,1.619887648,25528,14.2597,0,0.0078,0.3403,55.8725,1.4945,0.9756,0.6634,80
524,2026930,6826.181476,1.829388858,76298,47.2027,0.1364,0.0021,0.3806,55.428,1.522,0.9848,0.6665,80
525,1357203.5,5436.738706,1.733089821,22706,17.4508,1.3773,0.0379,0.3599,48.2031,1.4915,0.9729,0.6683,80
526,1929550,6181.730674,1.575989222,34009.5,25.6455,0,0.0012,0.3014,66.1064,1.6913,0.9728,0.6276,80
527,2011697.5,6107.356011,1.475478609,33279,15.251,0.6457,0.0507,0.244,69.2371,2.0514,0.9644,0.5697,80
528,1204700.5,5353.130611,1.89289145,41571,19.482,1.0846,0.003,0.4035,57.3842,1.5054,0.9727,0.6959,80
529,2510235,7234.21596,1.659043138,5514.5,3.6066,0,0,0.3074,56.4,1.5296,0.9761,0.643,80
530,1876054.5,6054.350957,1.554815476,1955.5,7.2123,0,0,0.3179,52.2573,1.5253,0.9742,0.6458,80
531,1903788,7488.161257,2.343801954,12011,7.9349,0.3155,0.0326,0.3576,56.0792,1.6172,0.9663,0.663,80
532,1050023.5,4493.920373,1.530526479,33913.5,12.2282,0,0.0202,0.3535,63.7913,1.6933,0.9616,0.6528,80
533,1721867,6538.240346,1.975655783,6042,2.6579,0.1509,0.0004,0.341,56.1115,1.6088,0.9588,0.6449,80
534,2050378.5,6303.654566,1.542197141,17707,12.0524,0,0.0001,0.3089,64.7216,1.5845,0.9678,0.6494,80
535,2024424.5,6247.287035,1.534159298,58018.5,36.1953,0.7184,0.0813,0.3138,58.4929,1.448,0.978,0.6653,80
536,1789441.5,6238.365238,1.730665798,2786,6.1155,0,0,0.3422,50.9582,1.4887,0.9709,0.6565,80
537,2290170,6618.926643,1.522286986,19359.5,15.0462,0,0.0053,0.3044,58.5765,1.7812,0.9767,0.593,80
538,2313405,6571.196635,1.48534171,21500.5,33.7695,0,0.0001,0.2891,45.6037,1.431,0.9843,0.6466,80
539,1874448.5,6098.468708,1.578909389,39052,40.5757,0.6502,0.6321,0.3207,51.7416,1.4636,0.9801,0.6584,80
540,2074665,6354.122598,1.548646588,22443,18.9543,0,0.131,0.3201,56.5765,1.5932,0.9777,0.6424,80
541,1006544,4978.991442,1.959923479,0,0.0009,5.3507,0,0.3777,39.9805,1.4105,0.9474,0.6898,90
542,3953686.5,8265.981671,1.375231358,2126.5,5.37,2.8354,4.3521,0.253,74.6876,2.0014,0.9769,0.5725,90
543,2346632,7514.102381,1.914689466,0,0,2.9663,0.8369,0.3548,62.2448,1.7286,0.9612,0.6398,90
544,2038504.5,6005.213877,1.407778748,389,0.5551,6.6103,1.516,0.2815,55.6169,1.8592,0.9637,0.6022,90
545,1331223,5596.22607,1.872098988,3696,0.371,3.7553,0.0153,0.3784,56.044,1.6148,0.9566,0.6715,90
546,904353.5,4446.803501,1.739990089,429,0.0292,5.4413,0.051,0.3339,38.9757,1.384,0.9358,0.6941,90
547,3263723.5,7374.43839,1.325969899,8499,22.2003,5.6858,0.2421,0.2314,71.9583,2.2739,0.9808,0.5389,90
548,1617889,5705.799665,1.601302702,0,0.0001,2.2792,0.0046,0.343,37.8568,1.3711,0.9616,0.6841,90
549,1783087,6380.098212,1.816650217,11860.5,2.139,2.0973,0.1228,0.3513,54.4305,1.4199,0.9733,0.683,90
550,1060648,5209.275712,2.035975422,431,0.0429,4.6406,0.1011,0.4142,55.4859,1.6945,0.9408,0.6871,90
551,2663710.5,7641.232329,1.744331031,9263,19.7693,3.372,3.8212,0.3336,57.1548,1.7144,0.9837,0.6376,90
552,1844635,7671.964429,2.539170342,1940,2.7036,3.3169,3.208,0.354,62.0043,1.8489,0.9647,0.6267,90
553,2839545.5,7309.281097,1.497233779,132.5,0.9431,1.9407,0.1652,0.3086,49.0638,1.5875,0.9682,0.6425,90
554,3585207.5,8110.525826,1.460067208,781,0.0451,0.6877,0.1589,0.3059,59.3239,1.7345,0.9721,0.613,90
555,2597522.5,7320.50737,1.641769437,23739.5,23.6298,4.4279,0.0714,0.2428,62.2184,1.9994,0.9741,0.5809,90
556,1916577,7036.327777,2.055677454,0,0.0461,7.0753,0.4235,0.4522,45.6735,1.416,0.9613,0.7091,90
557,4224952,9073.929937,1.550808542,283.5,0.0284,0.9049,0.6645,0.2648,60.537,1.8763,0.9789,0.5783,90
558,2728199,7728.141068,1.742060193,0,0.0159,2.6304,0.0124,0.3901,39.3964,1.3697,0.9765,0.6725,90
559,1992124.5,7365.350073,2.167002592,14302.5,8.8123,3.1547,0.0375,0.3952,55.9373,1.523,0.9788,0.6805,90
560,1505845,6359.391709,2.137174589,287,0.0959,13.4878,3.735,0.5002,61.9441,1.7082,0.964,0.7095,90
561,1522354,5713.314376,1.706277686,0,0.2846,5.8977,0.9003,0.3732,59.9386,1.6013,0.9516,0.6744,90
562,2955335.5,7792.609084,1.635114277,211.5,5.4569,5.3217,3.9545,0.3721,59.1199,2.0955,0.9816,0.6067,90
563,2887499.5,7383.291206,1.50233643,576.5,3.6761,2.188,3.0981,0.2657,50.4783,1.8191,0.9821,0.5962,90
564,2476463,7651.55823,1.881295653,4541.5,11.7916,5.1591,1.0792,0.3873,52.9738,1.7749,0.9796,0.6397,90
565,1584078.5,5658.385443,1.608412637,2551.5,1.8964,3.7658,0.2704,0.3221,50.5017,1.7508,0.9622,0.6265,90
566,1397478.5,5347.258468,1.628194709,6241,2.2824,1.6468,1.3402,0.3105,50.7626,1.6205,0.9681,0.6411,90
567,1600127.5,6151.252541,1.881748793,10,0.0014,14.3907,4.3669,0.3782,60.0613,1.701,0.9535,0.662,90
568,1498933,5755.407741,1.758567702,9722.5,13.1317,4.3309,3.4217,0.3582,55.0729,2.0741,0.9764,0.5998,90
569,1925300,6153.480903,1.565065161,536,1.4446,1.7006,0.0144,0.3214,49.7978,1.6488,0.9731,0.6222,90
570,2040458.5,6137.429166,1.469042431,1539,0.4476,9.7365,2.1776,0.3067,67.2747,2.2459,0.9543,0.5751,90
571,1874610,6145.706298,1.603325848,0,0.1934,5.2884,0.0232,0.3621,46.5454,1.5831,0.9714,0.6508,90
572,1026238.5,4414.234957,1.51095562,0,0.0017,1.7683,0.0044,0.2685,51.155,1.772,0.9242,0.6301,90
573,1279322.5,5338.444317,1.772713355,0,0,11.8148,1.3427,0.3396,65.5154,2.1556,0.9419,0.6026,90
574,772781,4465.060424,2.052992513,14162,9.2149,3.6475,0.0314,0.4355,50.9283,1.499,0.9701,0.714,90
575,1112155,5352.530546,2.049944535,0,0.2801,7.8407,0.2902,0.3551,58.4967,1.9508,0.9283,0.641,90
576,1514275.5,6590.933779,2.282853915,3056.5,0.6269,3.6602,0.0014,0.4164,43.7498,1.5339,0.9686,0.672,90
577,444991,3854.276588,2.656584577,0,0,8.5577,0.0001,0.4097,54.6245,2.0527,0.9154,0.6662,90
578,1324863.5,4875.341734,1.42767091,10153.5,15.2977,1.7252,0.0415,0.3151,49.259,1.6068,0.9757,0.6332,90
579,689747,3692.893901,1.573377592,1,0.0114,3.3508,0.0853,0.3862,55.1849,1.5168,0.9417,0.7105,90
580,1008718,4890.364029,1.886695122,0,0.0007,5.7688,0.0123,0.3933,36.9867,1.3659,0.9546,0.6931,90
581,1039985,4520.231995,1.563448193,0,0,1.9625,0,0.3218,38.598,1.4371,0.9437,0.6738,90
582,542089,3798.453214,2.118029909,7.5,0.0043,3.0337,0.0014,0.3185,56.3702,1.8649,0.9198,0.6402,90
583,2175013.5,6316.566245,1.459786267,3034.5,0.9024,4.7913,1.2416,0.2864,50.1734,1.7514,0.973,0.6025,90
584,2359635,7561.617113,1.928295806,8304.5,6.4587,2.3681,2.1013,0.3731,56.0368,1.4932,0.9735,0.6826,90
585,1138983.5,5555.50825,2.156350141,14982,1.4438,3.3801,0,0.4035,52.1557,1.7031,0.961,0.6703,90
586,2697379,7458.778574,1.641279623,388,0.0459,1.15,0.0494,0.2923,54.0827,1.5773,0.9628,0.6337,90
587,1968212,6684.20586,1.806412287,887,1.3938,3.6975,0.4786,0.3468,54.8322,1.7324,0.9595,0.6496,90
588,2683392,7452.234418,1.6469409,497,0.0391,1.3238,0.0345,0.2924,54.1145,1.5798,0.9605,0.6355,90
589,1110026.5,4416.509126,1.398344047,11,0.1409,3.8101,0.2556,0.2884,45.1867,1.6896,0.9395,0.6308,90
590,1525142,5704.56921,1.697948628,4979.5,2.4898,5.3235,1.6917,0.2752,68.7759,2.2266,0.9562,0.5752,90
591,2565132.5,7757.413134,1.866866057,1189.5,0.2663,9.2301,0.7876,0.4209,62.5509,2.025,0.9715,0.6346,90
592,1600224.5,5894.326566,1.727732856,5102,4.5951,3.4651,1.912,0.3591,47.7333,1.7128,0.9725,0.6337,90
593,2608906.5,8289.628428,2.096045637,1920,2.0128,6.8152,4.3614,0.4319,53.5738,1.6396,0.9805,0.6661,90
594,1495609.5,6449.002759,2.212870661,10917.5,3.7331,3.1625,0,0.4294,44.8553,1.5469,0.9728,0.6956,90
595,1297802,5707.716401,1.997585854,0,0.0049,5.6839,0.001,0.3491,42.9011,1.5226,0.9377,0.6638,90
596,1534864.5,5955.713436,1.839020902,0,0.009,6.5825,0.0379,0.4372,45.3912,1.4414,0.9578,0.6965,90
597,1985108.5,6086.257592,1.484928457,1432,2.1053,7.8094,0.3033,0.3132,61.8495,2.0549,0.956,0.5981,90
598,1192379,5738.579318,2.197776773,0,0.0274,4.4758,0.0025,0.3103,53.4924,1.7563,0.913,0.6617,90
599,1812856,5969.799659,1.564391062,0,0,2.6287,0.0016,0.2469,57.8205,1.7671,0.9228,0.6231,90
600,1772295,6336.475852,1.802804679,313.5,0.4806,2.5525,0.0259,0.2712,53.9757,1.834,0.9432,0.6159,90
601,386005,3466.08568,2.476707837,0,0,0,0,0.4226,39.1973,1.2959,0.8716,0.7569,100
602,317819,3301.041963,2.728420813,0,0,0,0,0.4725,43.9792,1.3098,0.883,0.7671,100
603,423986,3852.110072,2.785062724,786,0.1449,0.1879,0.013,0.4603,48.7384,1.3711,0.9093,0.7536,100
604,434338.5,3832.303941,2.69079545,0,0,0.0222,0,0.4711,44.117,1.1983,0.9183,0.7778,100
605,411021,3761.600403,2.739494453,0,0,0,0,0.4491,40.1307,1.242,0.8808,0.7714,100
606,587459.5,4230.651258,2.424519285,0,0,0.0059,0,0.4449,40.2128,1.1764,0.8953,0.7764,100
607,474998.5,3818.245066,2.442443244,0,0,0,0,0.4797,41.5906,1.1617,0.886,0.7898,100
608,398908,3707.718154,2.742393692,0,0,0,0,0.4621,40.9496,1.2391,0.8748,0.7743,100
609,507308.5,4261.715186,2.848956548,0,0,0,0,0.5174,39.7155,1.1662,0.9011,0.787,100
610,413911.5,3754.092824,2.709515509,0,0,0,0,0.5124,60.6755,1.4305,0.8958,0.7781,100
611,470273.5,4094.616772,2.837037887,0,0,0,0,0.5481,46.4341,1.2502,0.8609,0.8035,100
612,441932.5,3910.328322,2.75333862,0,0,0.0099,0,0.4313,36.2219,1.1708,0.8753,0.7734,100
613,473986.5,3853.44102,2.492990252,0,0,0,0,0.4406,39.5823,1.2203,0.8833,0.7655,100
614,331669,3485.801412,2.915342085,0,0,0,0,0.4736,59.5204,1.5246,0.8376,0.7771,100
615,332488.5,3440.088645,2.832381567,693,0.0992,0.0625,0,0.4661,39.8952,1.1971,0.9128,0.7753,100
616,427089.5,3646.068438,2.476964935,0,0,0,0,0.4458,45.0599,1.3589,0.8906,0.7582,100
617,302726,3330.144564,2.915181316,0,0,0,0,0.4877,55.2924,1.5288,0.8687,0.7668,100
618,338024,3356.757694,2.652659886,0,0,0,0,0.3847,49.6921,1.4359,0.8557,0.7417,100
619,435845.5,4049.372041,2.993862937,0,0,0,0,0.4362,45.3605,1.3141,0.878,0.7681,100
620,400819.5,3652.578107,2.648739827,666,0.0887,0.0022,0,0.409,55.9259,1.5444,0.8644,0.7445,100
621,282016,3090.816568,2.695639646,0,0,0,0,0.5103,47.6942,1.3486,0.8944,0.7826,100
622,456430.5,4271.112158,3.180507434,0,0,0,0,0.5127,46.0438,1.3125,0.873,0.7849,100
623,485119.5,3667.47551,2.206352166,0,0.0006,0,0,0.3901,55.6898,1.3668,0.935,0.7376,100
624,322598.5,3157.201348,2.458846036,0,0,0,0,0.4153,43.7663,1.309,0.8949,0.7542,100
625,436234.5,3829.372043,2.675002769,0,0,0,0,0.5684,48.2847,1.2289,0.8778,0.8073,100
626,475835.5,4256.39138,3.029809973,382.5,0.0699,0.322,0,0.4718,50.9625,1.4495,0.8928,0.7632,100
627,633898.5,4845.067564,2.946924922,0,0,0,0,0.4656,42.0537,1.2106,0.909,0.7763,100
628,398311.5,3685.475509,2.713646884,549.5,0.1498,0.142,0,0.4519,54.0564,1.433,0.8851,0.758,100
629,352042,3612.418727,2.949788043,0,0,0,0,0.6522,38.6642,1.0273,0.8614,0.8506,100
630,468579,4345.29592,3.206601673,0,0,0,0,0.5801,42.4032,1.172,0.9034,0.811,100
631,467508.5,4175.445194,2.967598783,0,0,0.0337,0,0.6821,43.2072,1.1331,0.868,0.8439,100
632,529878.5,3977.205519,2.375575781,0,0,0,0,0.489,42.642,1.1746,0.8895,0.7859,100
633,296419.5,3195.142466,2.740708235,0,0,0.011,0,0.4778,36.4404,1.1753,0.8673,0.7899,100
634,449452.5,3761.35776,2.504924303,2292.5,1.0245,0.0998,0.0007,0.4571,46.5593,1.2927,0.928,0.7589,100
635,530671.5,4243.99946,2.70093415,0,0,0.0001,0,0.5901,38.9891,1.0384,0.9071,0.8211,100
636,314617,3921.649176,3.889953543,0,0,0.0005,0,0.5848,65.7905,1.4082,0.909,0.809,100
637,437200.5,3777.749681,2.597615253,0,0,0,0,0.4364,41.7925,1.2715,0.8668,0.7661,100
638,432111,3568.914112,2.34566502,0,0,0,0,0.4402,44.7231,1.3869,0.8834,0.7462,100
639,492982.5,4242.710139,2.905656965,0,0,0.0968,0,0.478,44.8197,1.2308,0.8729,0.7875,100
640,232209.5,2978.029772,3.039255473,1,0.0009,0,0,0.4814,85.5187,1.8772,0.8907,0.7462,100
641,512246,3831.590304,2.280702695,0,0,0,0,0.4161,57.5961,1.4908,0.8668,0.7468,100
642,503014,3977.874569,2.503290305,370,0.0287,0.0308,0,0.4432,43.2328,1.2946,0.8922,0.7611,100
643,304914,3236.380055,2.733573699,692,0.1446,0.0205,0.0204,0.5707,51.6108,1.3455,0.8909,0.8035,100
644,364210,3597.316131,2.827446948,0,0,0,0,0.4281,49.6172,1.4077,0.8762,0.7609,100
645,443769,3659.257257,2.401143111,0,0,0.0226,0,0.4501,37.9666,1.1862,0.8932,0.7735,100
646,485693,3795.884672,2.360767916,0,0,0,0,0.4223,37.8175,1.1772,0.9053,0.7595,100
647,440725,3766.134451,2.561020615,0,0,0.0001,0,0.4556,45.2716,1.3367,0.8923,0.7601,100
648,302888,3284.914113,2.835013237,0,0,0,0,0.463,58.2076,1.5731,0.868,0.7568,100
649,390692.5,3808.955739,2.955057244,0,0,0,0,0.548,49.9079,1.2717,0.8899,0.7975,100
650,342961.5,3561.891817,2.943778981,0,0,0,0,0.4716,47.0424,1.4115,0.8709,0.7699,100
651,313764,3471.766922,3.056941511,0,0,0,0,0.4525,59.4802,1.5953,0.8492,0.7582,100
652,365774,3750.345567,3.05998193,0,0,0,0,0.4652,55.8221,1.4481,0.8834,0.7644,100
653,353829.5,3380.279553,2.569805879,120,0.026,0,0,0.3712,73.2008,1.7788,0.8488,0.7242,100
654,397633,4015.84008,3.227449981,0,0,0,0,0.5337,54.8434,1.3596,0.9044,0.8007,100
655,487789,4109.105015,2.754555955,0,0,0,0,0.4332,45.3135,1.3598,0.898,0.7587,100
656,393395.5,3748.068438,2.841677295,64,0.0831,0,0.0128,0.4814,46.4198,1.3344,0.9161,0.7719,100
657,254561.5,3302.245068,3.408905792,96.5,0.0123,0.0041,0,0.6425,50.2658,1.243,0.8641,0.8349,100
658,463373.5,3697.891815,2.348368952,0,0,0.0368,0,0.4166,50.1156,1.4015,0.8885,0.7469,100
659,283121,3066.983092,2.643868194,0,0,0,0,0.4337,71.9376,1.7851,0.8841,0.7246,100
660,422124,4035.898951,3.070645237,0,0,0,0,0.6125,47.1604,1.1303,0.9306,0.8318,100
